component_1,component_2,component_3,component_4,component_5,component_6,component_7,component_8,component_9,component_10,clust,true_amt,bins,new_bins
-1.1306287881153447,1.4652190395273674,-1.7177525522037784,0.2129193520077951,0.307810108951176,-0.4800378120946056,0.7131756293218908,0.041973652375421916,-0.09928760357023546,-0.048584700963207515,5.0,45,c_40_60,c_40_60
-0.7023665734938871,3.1671004406638517,-0.616871634277166,-0.5922634321790858,-0.2606590210142001,0.1437352203718631,-0.7221016044704373,-0.5006546594595269,-0.09445132921910764,0.21877759601757815,5.0,65,c_60_80,c_40_60
2.0364195177555544,-0.9078119741088713,-0.33992619091894505,0.4632899724436256,-0.9971025563520578,0.030120396701974497,-0.04286705088324469,0.07420947237511377,-0.20853391959456205,-0.40868721311412576,3.0,60,c_40_60,c_60_80
-0.030501349259971475,-2.1460469530089945,0.3496443196262534,1.0842549997939077,-0.5598746206474147,0.3110045108767479,0.28132687862351197,-0.2072427061547318,-0.1151444309611938,-0.002335894237584768,2.0,80,c_60_80,c_0_20
-1.2825469560817628,-1.2762908698215063,-0.24169272715798418,-0.2892979838097681,-0.557769292830985,-0.6903023103549689,-0.5911318212571771,0.26171034182720826,-0.028422840188873637,-0.22242226113699837,1.0,45,c_40_60,c_0
-1.8909785172715756,0.7246356369939198,0.28296896154145856,0.7169583795070058,0.4432888665474386,0.5425417516648882,0.3847341874186308,-0.26637929709354013,0.0340049227870581,-0.1806037511814735,1.0,65,c_60_80,c_0
3.2648662545144975,-1.7833365984206073,0.15271287509763612,-0.3629377381398404,-1.2173543045486483,-0.4761851163867483,-0.04831337881232985,-0.5887291837669448,-0.13116320641978912,-0.2508765044403089,3.0,60,c_40_60,c_60_80
2.359942638105254,-3.3140551663632003,0.8558454105984903,-0.8874004954152551,0.15545254216392998,-0.27067123817923944,-0.226971301818108,-0.6043353531535557,0.03301415613008503,0.083276181621666,3.0,80,c_60_80,c_60_80
-1.9128926602645884,-0.49749283802811256,-0.1980868187412894,-0.006901890134182876,-0.04571133720933148,0.1560406569776395,-0.704863929004385,0.10528067282668258,0.36880888647672033,-0.21237875473428844,1.0,45,c_40_60,c_0
-0.4354306263660112,-0.838022339785964,-0.604784206833534,0.714884784526562,-0.704256302719938,-0.07349547553967893,0.12459356511114301,0.4688444288812556,-0.2600933692528667,-0.2524069216684763,2.0,65,c_60_80,c_0_20
2.4863049225420024,4.574792226331876,3.1625742719752643,-1.4709508041513335,-0.5424787186606127,-0.4187829706854188,-0.01582586944917601,0.664896572535467,-0.29248549204995167,-0.164239061516702,0.0,60,c_40_60,c_20_40
3.8282145820917997,-2.2907412205509003,0.3306071170178164,-1.3143358239694454,0.4200204599693921,-0.9412585965691654,-0.24689794135065604,-1.0666211045248504,0.03530869314029942,-0.17578950266459892,3.0,80,c_60_80,c_60_80
-1.186569763845137,-0.23305078840159282,-0.6884349817744904,-1.0393236433939195,0.26403162679623116,0.21197669999334254,-0.6558757724538127,0.0852563503313147,0.41680197280532016,-0.10096562999743922,1.0,45,c_40_60,c_0
-0.9284827596650621,-1.298043301886713,-0.11872717566311117,0.05602637037454978,0.18455413261957163,0.01622773989913505,-0.03549236857983964,-0.18321082682386192,0.058900781243850654,-0.03378841859231357,2.0,65,c_60_80,c_0_20
0.8555130731976912,0.22367625978531785,-0.9867544139722272,1.0466480640897278,-0.7749707330590269,0.460606214003961,0.4035376485622196,-0.2527048826509855,-0.1454201108269136,-0.2508231427688416,2.0,60,c_40_60,c_0_20
0.7305055891846277,-2.4712397904841517,0.8124385824465644,0.3638698961792794,-0.40640590350218375,0.9789652186166155,-0.17092804780872123,-0.5574427601292491,0.0007515639720242219,0.14394061615910062,2.0,80,c_60_80,c_0_20
-1.6404870263749751,0.7936634430651759,1.1973214913203543,-0.8222439128868333,-0.11963624935938134,-0.49393109101215904,0.06221842906931131,0.5973007120435261,0.009493110065325484,0.13130586694147972,1.0,50,c_40_60,c_0
3.108833578029365,-2.710656329957827,0.6918761632098243,-0.4583703458585336,0.14596001769446248,-0.47132094530036245,-0.07937158245338699,-0.8201422553667964,-0.06750282806580539,-0.023510158573247758,3.0,100,c_80_100,c_60_80
1.7023459339147553,-1.0148081136959977,-0.53996413527303,0.9403008455524507,-0.7195648117122033,0.15628933685548915,0.3821582468407146,0.11608832937472147,-0.29847488704001546,-0.1010631944186931,3.0,40,c_20_40,c_60_80
-0.26219894789451836,-1.976801548720057,0.46348084477156076,1.120422882880619,-0.11575920864686416,0.8195145259395564,0.33493626259589976,-0.18123844488120525,-0.111917262943348,-0.12124928988968141,2.0,80,c_60_80,c_0_20
-2.1232826929260087,-0.8622250281770512,-0.22605753270320636,0.5414200496969116,0.3122076704039607,0.025073893957213152,0.30041644966623837,-0.27809289411932536,0.5444478950570265,0.21555232232038127,1.0,50,c_40_60,c_0
-0.880040340085707,-0.8903933430905824,-0.39375382289140354,0.2785576624313493,0.6332343097367454,0.45182169532154287,0.19763541021455217,-0.43624211431684673,0.4224884610774896,0.12822970088255628,2.0,100,c_80_100,c_0_20
0.13414268427857953,-1.6764770756699205,-0.538382528981379,0.4024046379390412,-0.6810726549414841,-0.06218219517543298,0.09960739649709277,-0.18141992312656147,-0.25018176738769016,0.42439705890306567,2.0,40,c_20_40,c_0_20
3.4718785708745976,-0.812290376878566,-0.5755606873080761,1.1466449666097898,-0.8774949278828543,-0.00819728492703344,0.07022043480518675,0.053126221743550056,-0.20274859879713794,-0.307959092050636,3.0,80,c_60_80,c_60_80
-1.1205608226126016,1.117726665838819,0.2818056782892193,-0.021167062465242137,0.30904204129084223,-0.25058374375775305,1.0183209244029456,-0.2453217758506827,-0.1295957402772293,-0.055030486334771964,1.0,50,c_40_60,c_0
3.3036064504381284,0.3767550738740804,2.2293414122990862,1.6146155312696242,-0.40336980598187516,1.2318819894091837,0.748238600852523,0.5995644200920673,0.08823102819969753,0.9884814067747014,3.0,100,c_80_100,c_60_80
1.0339232927021837,3.203865634420111,0.10329953149539721,-1.9106179140666293,1.7290349190927938,0.27936881564024246,0.8697741379200495,-0.3065057506259858,-0.04789548843764109,0.7893119357853018,5.0,40,c_20_40,c_40_60
0.9287840269395471,-2.1972170870879038,1.5660161753000663,0.1940271052913798,0.23634405809126982,1.932865050988703,0.12627213551656202,-0.899589657698189,-0.026581967696494426,-0.7549472177050083,2.0,80,c_60_80,c_0_20
2.3834300206337655,-3.064931012153344,0.7201755255207007,0.23690871654490037,0.4508113713293236,1.1748384317516047,-0.5732671989735324,-0.6960542150675352,0.16950182239652567,0.5850153485852452,3.0,50,c_40_60,c_60_80
-2.8285469803100187,-0.11668038970999656,0.4429252982685343,0.20961108053780292,-0.5979597634808378,-0.761108105421553,-0.14023412721454429,0.10100842827952657,0.23229481136109878,-0.020295883328207205,1.0,100,c_80_100,c_0
1.4136359342961131,-2.5314796371909796,0.4100726008532182,0.36077933631070946,-0.5810043926406442,0.48384045130125836,-0.048576918340330386,-0.5601963646102341,-0.01611018733030987,0.24734422884515248,3.0,40,c_20_40,c_60_80
0.32588061425484155,0.6541691017494631,-1.6133103088486953,0.7770652505352593,-0.5692191215428803,0.24808044899409556,0.30200831557666075,-0.25827448480621845,-0.2882749513292029,0.21345367882666644,5.0,80,c_60_80,c_40_60
2.0046422560563326,-3.2253484091696865,0.5618131487011807,-0.4758847759122333,-0.2486046815146779,0.6800359504244241,0.013583526349198665,-0.5356704757500652,0.13708048680835655,0.34048868985698555,3.0,15,c_0_20,c_60_80
-0.16467756291957725,2.361854825788751,1.440704828183062,-0.5542833024877276,-0.4419685535258112,0.1822419792331941,-0.8416158871128705,0.10359990812307761,-0.34798482553378957,0.1797791384816349,0.0,85,c_80_100,c_20_40
0.37099674844397873,2.066194218775463,2.739567218648468,-1.2617576871525336,-0.8124468981419936,-0.7754692542247212,0.6660231706106682,0.4126517950095209,-0.27685883220476337,-0.15595229911403596,0.0,0,c_0,c_20_40
0.10202919870518573,1.414686776858461,-2.2856523591877163,-0.9826833900101587,0.008196031557924614,-0.19538196684162384,1.005900299079119,-0.11624518740232767,-0.0886191807432447,0.06889221186299499,5.0,80,c_60_80,c_40_60
0.08909222175392698,-1.124860159135092,-0.28764419886213655,0.1998748808130323,-0.10283365358634822,-0.32761380517021527,0.4633311537021583,-0.3398606652178735,-0.1782258383081364,-0.20523271219705175,2.0,15,c_0_20,c_0_20
-2.409267475457436,-1.140361020037382,-0.20995691885125461,0.5193273508732182,-0.4201102125441497,-0.3795032766944272,-0.07671371395475142,-0.09515720890059501,0.36583494758088664,-0.20826903196063373,1.0,85,c_80_100,c_0
2.556408658975949,-0.48937964936190725,-0.868015275869026,0.4890631667989345,-0.6858074740834548,-0.17008299517499395,0.40090488867458907,-0.2912516716393165,-0.24794229661262351,-0.10394167390366757,3.0,0,c_0,c_60_80
0.6545517950461687,-2.2695910000425332,0.1891733887448703,-0.16173302169047993,-0.5225601010725478,-0.05507840563105783,0.4577989385128314,-0.25237096960922073,0.009511107123183109,-0.12529828735737872,2.0,80,c_60_80,c_0_20
-2.4939707700047387,-1.0323480403908087,0.08450939459544961,0.4608024161148906,-0.3644875848606595,-0.13252419142534858,0.1286405672505819,0.1205622367810689,0.5654378101068882,0.13793728014599824,1.0,15,c_0_20,c_0
1.319847847526723,-1.9756320284648716,0.08040275539620216,-0.16630828216525548,-1.01136018774803,-0.2278196160956536,-0.21208183136561926,-0.24776405235757742,-0.18018146568278634,-0.022989871182659757,3.0,85,c_80_100,c_60_80
1.9295439520046869,-1.2283712662805355,-0.19235999747758412,0.7765807971967835,-0.589893203636374,-0.1937291841670653,0.0020869034877802587,0.31316759797843347,-0.2981028161586902,-0.5212683264361381,3.0,0,c_0,c_60_80
-2.564645646514075,-0.7102997504689202,-0.5606854440009325,0.410926994703818,-0.35721395116347104,-0.35956424585269187,-0.16994506150727015,0.40723723866282413,0.2661539134292235,0.08651013711770901,1.0,80,c_60_80,c_0
1.8102432755330173,4.757820614610076,1.3943138793087237,-1.092468135107469,-0.2646418529466515,0.08852657333546453,-0.17241884733988525,-0.8722304116304329,-0.22484350289550273,0.015412196245774138,0.0,15,c_0_20,c_20_40
-0.4820874570772154,-1.0061665235325505,-0.12266061072003809,-0.5481519028519043,0.6094832309672547,0.1462434704324725,-0.4791139971276872,-0.743219239517841,0.15228788393849355,-0.08103405927564915,2.0,85,c_80_100,c_0_20
-1.8828252008440063,-0.9228758025995201,0.13706674088763957,1.29717998401758,1.0669279989160747,-0.31186438817196527,0.13110695148280316,0.041446279258714816,0.28444673520146124,-0.004175985767284584,1.0,0,c_0,c_0
0.6607843466456625,-1.4504976409407233,-0.08679102241490533,-1.361798453559866,1.874590349376248,0.7251099191638103,-1.0714311494237272,0.941867891916846,-0.023972940351444212,-0.2592973446553033,2.0,80,c_60_80,c_0_20
-1.6120680648706287,1.3680009750153983,-0.41176044091799086,-0.09125297623719744,0.4649163964593282,0.8293484525515622,-0.9387244378433314,-0.47775773429864593,-0.03710840079645394,-0.143527659430974,1.0,26,c_20_40,c_0
-0.5789597157226306,-0.13106599809436784,-0.7607571733706917,-1.0065355810339167,0.662845954779831,1.6584518389464864,-0.8021191548519635,1.1372577721363157,-0.02455333564856429,0.0625578883550767,2.0,100,c_80_100,c_0_20
0.6974289326956313,-1.438406252327743,0.28876681065389115,1.231667559050114,2.034374386802528,-0.2012156764599043,0.043918537811955885,-0.29375079331205894,-0.26272984903389274,-0.28466430369727114,2.0,50,c_40_60,c_0_20
-1.096457920732797,1.3613117687595981,2.9337779985626096,-2.0817236705431896,0.37078018638166904,0.3813797568908315,-0.583490512027664,0.3390786658396949,0.09647956849551832,-0.05252107039832836,0.0,34,c_20_40,c_20_40
13.605158962131677,8.387578913420688,3.263226304319838,5.481088759017377,-1.9865952459989598,-0.4765333637351586,-0.5839837361886874,-0.12650800529307046,1.6680046898677965,0.3488396288509091,4.0,15,c_0_20,c_80_100
2.1973965159808526,-2.301539339235034,-0.020253135551692475,-3.3493591468956585,1.213341883040221,-0.19953005419299838,0.5434141557137412,-0.6046459471133265,0.28612188165306035,-0.10146697516268535,3.0,0,c_0,c_60_80
7.34565925413738,-0.5927392382641611,-0.491864748977237,-0.6641545951280781,1.0086925833705622,-0.75652427025556,-0.11636959999653368,1.1087999115252611,0.06849845140114436,-0.6618645014433102,4.0,34,c_20_40,c_80_100
7.855510010701731,-1.343067095731832,-0.02369854932647207,2.8828116848572782,0.3522677266829318,-0.4695874565920291,0.4240633071763526,0.06677570604071914,0.1368819778476338,-0.3622645107492132,4.0,15,c_0_20,c_80_100
-0.3398624514031964,0.9873453827946911,-1.446871479351894,-0.17616143319747207,0.047419188356306256,0.42095582609452603,0.15828619367457503,0.29293800226139166,-0.2049356143629851,-0.10417171692398154,5.0,0,c_0,c_40_60
0.11751221138989042,-1.805159402328626,-0.058089004182532496,-0.7785281619586066,0.7267210351353305,0.2689390676477181,-0.612407864921909,0.8713804499627698,-0.06695796025459017,0.024697748239264978,2.0,34,c_20_40,c_0_20
-0.19761564549557767,2.919314002224726,0.22954290980956202,-0.8395726782379362,0.4669052692317289,1.2108576893817626,-0.06312885865393865,-0.7888589075177012,0.3729325776145606,-0.4159004728193957,5.0,15,c_0_20,c_40_60
0.29026135182164176,1.605225482013014,3.118016259124743,-1.7098163547979055,0.7933848976989718,-0.3249775022005642,1.0929444429255413,-0.7243669792192645,-0.029438301333602566,-0.12282137302143811,0.0,0,c_0,c_20_40
0.29026135182164176,1.605225482013014,3.118016259124743,-1.7098163547979055,0.7933848976989718,-0.3249775022005642,1.0929444429255413,-0.7243669792192645,-0.029438301333602566,-0.12282137302143811,0.0,71,c_60_80,c_20_40
4.807384653490366,2.9955321595653994,-2.502842345844196,-2.5876965547047783,2.1491295730046147,0.5466980709272816,0.09791009630215754,-0.07315802833457706,0.3301266618320501,-0.4119365390617572,5.0,0,c_0,c_40_60
10.252028452946712,2.3722223679474275,-2.5770384569531184,-0.3725870770453342,-1.4776229696241872,-0.9328042103384228,0.1700087317797994,0.4201170577792889,1.1226972222069451,-0.41047879799608705,4.0,8,c_0_20,c_80_100
-1.3900296724707564,-1.6261274341090544,0.1587989938262062,-0.2536771696859351,-0.14543331569495702,-0.5487048260440226,-0.8339799946508778,0.17209389417145293,0.11445281540107273,-0.1238986404154779,2.0,40,c_20_40,c_0_20
1.0306848045604504,4.702776714861056,-2.2678218798255108,-0.010232899822637751,-0.717829773114141,0.8090581650179877,-0.6514079345180743,-0.03358498399350274,-0.034629741939899476,-0.43173432680120166,5.0,9,c_0_20,c_40_60
0.8354847234844853,3.945141321124296,-0.34824449935649293,-0.4645153551694885,-0.009821303658919226,1.018635794821486,0.08564878205448076,-0.3053563004561262,-0.4705669517424159,-0.33523839193534105,5.0,27,c_20_40,c_40_60
0.7516091168357071,3.3393544329201914,-1.7252226566750222,-0.41854388130872533,0.18912812752331037,0.6761893935530109,0.6518460257244578,-0.07464896635329063,0.06896448123360444,-0.42754977985353737,5.0,10,c_0_20,c_40_60
-0.14706668307680842,1.2087096221827685,-0.047754796337425263,2.3376299485864536,5.890932459991403,-1.0572978392947083,-0.4576036750650431,-0.1888054338841681,-0.11390168584452595,-0.32925093034007935,5.0,0,c_0,c_40_60
-1.5159819781882655,-0.5956295207415636,-0.7689234778085833,-0.6675428869661016,0.42879799076168507,0.0435088529841273,0.1744055189920162,0.0925890186355604,0.6081617980501912,0.2272727257221016,1.0,71,c_60_80,c_0
-1.5520476933676326,0.7389736212944569,-0.31866608122777174,0.4789356872895781,-0.5403403380493645,0.3324409661271346,-0.7045443056026791,-0.29450187331809186,-0.03648281645582656,0.3627304852849284,1.0,0,c_0,c_0
-3.176437822200788,-0.2895164429358597,-0.410716019876298,0.6240336069966899,-0.5571421158969396,-0.6139864698022529,-0.3378652222723287,0.17394117035221354,0.3983180559612907,-0.004939770063081424,1.0,8,c_0_20,c_0
-0.2045023584518459,3.223889243500844,-2.4169769050696495,0.1607316858340512,-0.24354846597428087,-0.09483440284505668,0.0651137014655638,-0.3628020901732452,-0.2819078852891782,0.2908675955492963,5.0,40,c_20_40,c_40_60
0.05296032115129594,0.2765677533131099,-1.447571327296293,0.12033260898839761,-0.560620497393397,-0.36721820938849636,-0.21656628269541864,-0.39596759548199456,-0.22301721483073728,0.15404479611586017,5.0,9,c_0_20,c_40_60
-2.431956851578444,-0.32561176630616506,1.3101451521410885,0.6572603008185645,-0.6411383154089272,0.20374400705018592,-0.5180988427045439,-0.0010790736353746282,0.050572162933502626,-0.06761287953429344,1.0,27,c_20_40,c_0
-2.052157178673654,0.9287089975845747,0.5142996464512899,0.2749119930407496,-0.6853286047420705,-0.3194207769819507,-0.7248301956995654,-0.19600942338460953,-0.22909136536423755,0.04365250048095221,1.0,10,c_0_20,c_0
-2.0774176038525116,0.5853737384989603,0.8616358443471062,-0.6399751976898413,0.42123738772866776,-0.28766356573085733,-0.06262637380324715,0.8075874824974411,0.24533907606986968,0.007338920291674124,1.0,0,c_0,c_0
-2.0774176038525116,0.5853737384989603,0.8616358443471062,-0.6399751976898413,0.42123738772866776,-0.28766356573085733,-0.06262637380324715,0.8075874824974411,0.24533907606986968,0.007338920291674124,1.0,71,c_60_80,c_0
-2.896265035357664,-0.5090072303098616,-0.7729193966792106,0.6485805600983983,-0.29843406096643205,-1.0288803588598694,0.2611558836709293,0.14759455974143224,0.3102887471314233,0.15212690407161197,1.0,0,c_0,c_0
-0.8204886489253969,-1.8471425018500016,0.271326320662338,1.2249784260570171,0.3024244745253762,0.30007228645557266,-0.038218764806197174,0.462183416519894,-0.16394861617284484,-0.09126645832045958,2.0,8,c_0_20,c_0_20
-1.9631208560620645,0.9505064294047136,-1.1577007734248177,-0.049761556568923886,0.13423856167004514,-0.24522698997739187,-0.5023659884444102,0.10337379588603919,-0.08742713607787625,-0.16261492441291064,1.0,40,c_20_40,c_0
-1.1618984836199997,0.998936064339569,0.20521077628536083,1.0937313649002265,-0.7723142244947248,1.1682896091749173,-0.42501085367948194,-0.3386385022515392,-0.4612840971567671,-0.09470437781490765,1.0,9,c_0_20,c_0
1.9998233609841096,3.309294309127423,1.3524509820234112,-0.17907014811245275,-0.838974673585132,0.4071662869468362,0.20433328846669022,0.4773101945965996,-0.3903760971709544,0.16684066989610757,0.0,27,c_20_40,c_20_40
0.0819969899936928,2.8641964530877133,0.21763083012453005,-1.9727739134859914,0.5583307848123636,0.02107827227434863,0.0737374200697934,-0.06783922646239038,-0.009555968186317378,0.6817327674011647,5.0,10,c_0_20,c_40_60
4.065273090141078,6.463924189112847,0.7657090071956799,1.1863321342547446,1.8501367874195371,-1.2762518755151484,-0.9362134785737529,-0.41314148681058366,-0.21984354393151323,-0.013142428334957436,5.0,0,c_0,c_40_60
-0.6820740270317048,1.4801289992888584,-2.268677921804018,-0.4512869016901408,-0.17912787123543744,-0.44297678671346524,1.637626023988134,0.22500756473725753,-0.08948327789465463,-0.09253671758460022,5.0,71,c_60_80,c_40_60
-1.9247795748192817,-0.8425312033869926,-0.3745608643233139,0.37817182973005,-0.006049050271516829,0.9112758888022959,-0.07699316957864781,-0.10928550251038176,0.2836476531404787,-0.1611640518372586,1.0,0,c_0,c_0
-2.749828616195741,0.23295045339767115,0.012010838884584225,0.25991455102271627,-0.10730197002478846,-0.9073345727485014,0.01854830114585578,0.05692653323200391,0.21127342965315604,-0.08864076620809284,1.0,8,c_0_20,c_0
0.224014937870134,3.086733699537137,-1.2834539460335095,0.5531503872121192,-0.7254947260469857,0.39260411067031964,-0.26507802898718846,-0.3651328801093523,-0.20999577540645184,0.3217401473545368,5.0,40,c_20_40,c_40_60
-2.4681099005970593,-1.1506193872980268,0.19940308676562413,0.7962613311002226,-0.3086557064794708,0.07101428347438778,-0.07415115925590775,-0.08277177836947218,0.435210618821793,-0.15236981452041073,1.0,9,c_0_20,c_0
-2.879947366587954,0.10028684599545988,0.8050217227514457,0.21973636079683165,-0.8450137907475453,-0.9207888371197153,-0.5339331265528657,0.1524485192838499,0.06169422809817729,-0.11795012763537159,1.0,27,c_20_40,c_0
-0.3167639506625381,0.3782836446803499,-1.6792109401919728,-0.14681651305141602,-0.23666184166952553,-0.09116514346837067,-0.5251607992662647,0.28963279957517296,-0.15437782755669896,0.27422652051962937,5.0,10,c_0_20,c_40_60
-0.18124811728328177,1.1422840534386745,2.135403538919126,-0.5163341805634658,0.348905521775256,1.1080974105421098,-0.33599935847862417,-0.471028332236604,-0.10254122300680762,0.0028191159634827433,0.0,0,c_0,c_20_40
1.7866811538339666,0.33569581550058863,-1.452109381552321,1.2607048904745268,-0.17743874355221678,0.41351745712099,0.4003974580848668,-0.25125943618739344,-0.2765593155280572,0.351981307718202,5.0,71,c_60_80,c_40_60
-0.9667035180756104,-0.9385312679140615,0.5241662460601881,0.612753440702981,0.5078839900940658,1.8422307985521442,0.32006980497642223,-0.3925698726798423,-0.016584670743391896,-0.48826016400311134,2.0,0,c_0,c_0_20
-2.4399077421789914,0.06214276254582517,0.25222813260821575,0.39193872497582793,-0.16980608730361318,0.4553940256646243,-0.22197939862672952,0.06143790442496384,0.14426336265790618,-0.05616605721439677,1.0,8,c_0_20,c_0
-2.5522129588518134,0.09134526808175415,0.42799243278174176,0.05091207385840184,-0.4153749777187108,-0.3705360007053765,-0.3447645382494318,0.5418845584455048,0.13385234170444585,0.0688092165017881,1.0,40,c_20_40,c_0
-2.0343458330902604,0.5506950952176661,-0.3791697677408596,-0.05894009906285643,-0.23785139047712103,-0.15114547660884353,0.24021881490226288,-0.22416330874733073,0.07541016822071459,0.027704437094267415,1.0,9,c_0_20,c_0
-1.8864954787859742,0.9348954014038131,-0.08702484771191621,-0.307725726444557,0.03021535335787823,0.08643758622962493,-0.032753295552856374,0.19959186327784648,0.2565183559908931,-0.15318151696531662,1.0,27,c_20_40,c_0
-1.8864954787859742,0.9348954014038131,-0.08702484771191621,-0.307725726444557,0.03021535335787823,0.08643758622962493,-0.032753295552856374,0.19959186327784648,0.2565183559908931,-0.15318151696531662,1.0,10,c_0_20,c_0
-1.5717447909164437,0.8440137834683494,0.2729720678043907,2.1118978319871715,1.9300424365154727,-0.8552892519363665,-1.1005304649504462,0.04269183872109829,-0.4081191927329443,-0.12234213205983074,1.0,0,c_0,c_0
0.8650111362889703,-0.2092536006463852,-1.0231063377147818,0.11578441267028894,0.33515772693366175,-0.30820853342329085,0.3899572511417777,-0.30065226431099484,-0.031086329219305087,-0.15213189642402902,2.0,71,c_60_80,c_0_20
-0.6961982906228776,1.0229228538605417,-1.2638170124851935,0.38230347031526696,1.3335631625128603,-0.18032686357623356,-0.43005454913868446,-0.4866302359910585,-0.2073652243593752,-0.12597855011672018,5.0,0,c_0,c_40_60
-3.286567816672344,-0.6148516687066852,0.01974680549093683,0.9356852689404263,-0.6335067033813672,-0.5497250294404243,-0.6011250620618317,0.19707373670619593,0.4609645529296108,-0.16253072306099325,1.0,0,c_0,c_0
-1.6974629584986218,-0.3816037685427549,-0.8077867574537835,-0.1506314663699514,0.3042544993145792,-0.3624623732963268,-0.602902756219937,-0.12528800832247494,0.3444389012785636,0.15988641263037176,1.0,0,c_0,c_0
-1.5450468644174813,0.838568703002151,0.23448276440918175,1.2817584452611976,-0.14072443517790123,-0.35513365723945445,-0.7873508493743234,0.06401456504667,-0.401614807832254,0.25648846401893766,1.0,0,c_0,c_0
5.2062991242635785,-2.88627504538631,0.5125108465571345,-0.3546284418301248,-1.6125378640845396,0.24501056231813698,-0.46444456119139294,0.31846561470696205,-0.08582493307498502,0.10309002306144424,3.0,0,c_0,c_60_80
-0.5066095399003308,2.225146490138865,1.5095454331525509,0.32213041529998737,-0.08386283124097593,-0.2466433006036176,-0.9697869659359984,0.09061383764281014,-0.41990346670830536,0.06327752873528826,0.0,50,c_40_60,c_20_40
-1.6049427957650646,-0.46623487306110356,-0.6158947280589202,-0.8142530142414004,-0.19435247848783327,-0.487866738249256,-0.4414389838388516,0.22683172043944713,0.11015647739721085,-0.2627448750213797,1.0,0,c_0,c_0
-1.459000631049503,0.8317163699187605,2.084342798884231,-0.25393907371045515,-0.2186130784558417,0.49806383159814893,-0.007604868899424475,-0.43864206653585697,-0.08140965607799609,-0.39838289878919164,0.0,40,c_20_40,c_20_40
-0.846204023385279,0.7310814755766083,-0.5462404391059936,0.38531392272188736,0.6996143997409626,0.291878850346079,-0.28891632601537537,-0.30240704871697505,0.09302518770733967,0.18712745931831917,1.0,60,c_40_60,c_0
-2.875323772792992,0.43424699142515144,0.6692551300701762,-0.07132982637446086,-0.5083333807677816,-0.43676716471361415,-0.8751334365155174,0.331367914410448,0.16524056823443403,-0.13516381801521452,1.0,0,c_0,c_0
-0.6783275023320694,1.280893665522373,-1.2974330169530277,-0.5514106171463242,-0.016850272074282226,0.24698746293024074,-0.3175469049145581,0.3249947464891952,0.08620025780273669,-0.3363567864495837,5.0,50,c_40_60,c_40_60
-0.8730962166094062,-0.669635964557992,1.705062414770051,1.0862173443204954,-0.7909710341556123,1.25724224155629,-0.05198809381094382,0.3648021183816709,-0.2607585634825228,0.35656923026133763,2.0,0,c_0,c_0_20
-1.0084221060915224,-1.8188566272010331,0.19883462880878647,0.8540120912717087,-0.4565516292544007,0.5969167599740545,0.5038324490121201,0.09066449104927522,0.09793538748178926,-0.16301493048357107,2.0,40,c_20_40,c_0_20
-1.0874733857992605,0.6672215328010161,1.456681883371539,0.7588184360967335,-0.5183611466484023,0.1527787113645768,-0.5237929848302673,0.0075772272219091896,-0.3650267856574977,0.11170984580015937,1.0,60,c_40_60,c_0
-0.3393201476086796,-2.391762639199015,0.7125372167066182,0.45318972540345,-0.5693144915598672,0.9057793365611325,-0.42339582428018746,0.02139590659438983,-0.1452311212399105,-0.07327019270364288,2.0,0,c_0,c_0_20
-3.1851644955827636,0.22632187988399322,0.4962601008005197,0.4552061164979381,-0.5876744305082215,-0.32089708830490177,-0.6994198826265406,-0.06896744640619049,0.25879164490081896,-0.2520476377678458,1.0,50,c_40_60,c_0
0.7315537290050064,2.5062861983970137,0.5828797329804178,1.4109700638574803,0.41087319879687945,-0.5938479448027743,-0.15523640889851875,-0.089854291104887,-0.5235202697311324,0.3718281115655907,5.0,0,c_0,c_40_60
-1.571468824796114,1.3528684462095677,-0.018221245068915783,-0.3057095073239775,-0.20679613056651722,-0.2042439003885325,-0.5605415886988576,0.37965765960999803,-0.18329839306598544,0.36785966299081907,1.0,40,c_20_40,c_0
-0.8852799076474731,2.588327014162809,-1.2601613824007527,0.5531602619912906,-0.9048313028928007,0.09061254736458843,0.007955490305191123,-0.24613425387570304,-0.4182381013312784,0.04062435442367475,5.0,60,c_40_60,c_40_60
-2.103134040435571,0.31539293115642997,-0.9943245215551914,-0.2698532179877508,0.17180423936272382,0.01794049779189047,-0.22439064748801446,0.41416207870170296,0.16105453543304166,0.2369503229545515,1.0,0,c_0,c_0
-2.454145662252741,-0.9013461424694789,0.0010912172564545985,1.4781382024675154,-0.9074958342795805,-0.021771776099840528,0.0835650912839021,0.13190272077135393,-0.049912120957146464,0.012451085939993726,1.0,50,c_40_60,c_0
-2.479939420049636,0.2864277636112151,-1.0747836106893986,0.47339804023224474,-0.6448249601200003,-0.408809678233989,-0.4900549116884965,-0.006631782109285637,-0.03168347333090153,0.06314412773723603,1.0,0,c_0,c_0
-2.1924369318329497,-1.1537584804956496,0.3352739587858498,0.6295437415502847,-0.5753886674370468,0.1226008163573489,-0.6010421052930505,-0.26036704398422245,0.13694417200559766,-0.2608910588947297,1.0,40,c_20_40,c_0
1.2444649574057767,0.4695857826538053,-1.694541110932455,-0.9576968649773856,1.071321730661515,0.024510618196557546,0.1229332282742924,-0.19391143827900656,-0.21065528400915584,0.18770470433896866,5.0,60,c_40_60,c_40_60
-1.7197196092440914,0.30514734108206715,-1.001091714604492,-0.34756839071470935,-0.08187836768820625,0.4340234176147175,-0.7122134728397991,0.669963837648456,0.3628737112183608,0.10776776496026488,1.0,0,c_0,c_0
-2.7385286872875914,0.11312302375084238,-0.7837673666071915,0.3019937572169372,-0.3731587099710321,-0.7199066579329426,-0.08071563685226377,-0.04318634200982184,0.16914775165165583,-0.11862679875552955,1.0,50,c_40_60,c_0
-1.0854037860730337,-1.1933132663191905,-0.07386089487348033,0.7247625068799952,-0.8224874417864301,-0.21636654773669595,-0.38056959860275136,0.0304515206991799,-0.2075428824019891,-0.25419598964485507,2.0,0,c_0,c_0_20
-3.1379381914901114,-0.04821648857074272,0.4552743528931466,0.39199318110338044,-0.5721186279377766,-0.47793054665135914,-0.601879572775297,-0.06749214270213999,0.3592128712960037,-0.09335280719953659,1.0,40,c_20_40,c_0
-2.4781542646932264,-0.3817416231388179,-0.40836098595393366,0.10161711562792576,-0.2995471139779548,-0.03051972381524345,-0.7690330840787861,-0.29897638390730136,0.32211233338872663,-0.14007884700093565,1.0,60,c_40_60,c_0
-0.8569784195168757,0.40789626917995225,-0.9161745064891703,-0.49659960178376733,0.04678705558974097,0.5207666830925293,0.2873713367891309,0.08210110958550505,0.2248553433231927,0.5125697577394999,1.0,0,c_0,c_0
0.004115239021516204,-2.2712273690801776,-0.013478575077939668,-1.7157295928277096,0.2290001667572791,-0.06118134137229622,-0.7555997312280884,0.10258997534410745,0.3713459434103023,0.1759878830023554,2.0,0,c_0,c_0_20
0.06749782957509502,-2.095950898740616,0.01929572608308594,-1.6111426471840946,0.14302524436149888,-0.21975055167795718,-0.7587893761173006,-0.3532652618267483,0.33902853919926423,0.20183792364990147,2.0,0,c_0,c_0_20
1.745187735548528,2.9309138588828163,-2.090196512816227,-0.5532320303504724,-0.2593992932678609,1.4797370179238667,-0.2052483236878211,0.9015590046081821,0.501696479868464,0.38253925531676464,5.0,60,c_40_60,c_40_60
1.4082853602907366,0.8630915874671853,-1.4448043650807798,-0.13032532935129537,-0.07621390885596205,1.9324135344974238,0.39500303993242014,1.0748281603936616,-0.01540075238214655,0.3593013987340194,5.0,45,c_40_60,c_40_60
-1.1712669994805627,0.5148316291964822,2.5943767502196153,-0.4260635486886506,-0.6241129704889725,-0.4141897067642229,0.40313910459740937,0.2603539454385724,-0.16641742399739443,-0.19694680838571962,0.0,16,c_0_20,c_20_40
-1.1712669994805627,0.5148316291964822,2.5943767502196153,-0.4260635486886506,-0.6241129704889725,-0.4141897067642229,0.40313910459740937,0.2603539454385724,-0.16641742399739443,-0.19694680838571962,0.0,0,c_0,c_20_40
-1.0646932874932868,0.5140480738752082,2.4693566945415624,-0.39705968456428387,-0.6681174090208988,-0.47795286458944997,0.35606413365795553,0.3286283421777717,-0.19944141038527655,-0.10974569352786451,0.0,0,c_0,c_20_40
-1.4896454869021483,1.5607575799370914,0.5315951458012048,-0.6427879379498275,-0.4125710524326387,-0.7676549225936737,0.568138106059317,0.07985650628811808,-0.16477108011140207,-0.09746746478221471,1.0,0,c_0,c_0
-1.6104070642735322,1.5149071380483294,0.3778870085062489,-0.6485648214043923,-0.35981238978939956,-0.7462253679606756,0.6419947423435622,0.010860044253043355,-0.11612836575065826,-0.13239725756926315,1.0,0,c_0,c_0
2.6928809401051956,-1.9909262631407805,-0.3305550287094829,0.6201309340485879,-0.7338932059632026,0.1186495142088897,0.29801376252867634,0.4605867783451933,-0.09395860538562564,0.036630528007952703,3.0,0,c_0,c_60_80
1.9067534730079483,-2.5261503169360036,0.5858896994801986,0.11662719979464826,-0.28382750086909364,0.8671217192968791,0.2999331010572379,0.3367316247175356,-0.028690624883796225,-0.2696874372128403,3.0,60,c_40_60,c_60_80
-0.06024204686941993,2.4553679024189683,2.781530378713736,-1.6318518782263787,-0.5991216024518246,-0.5151827786740862,-0.4480425251689922,-0.4928848081034818,-0.21465523429972755,-0.017448585656743162,0.0,45,c_40_60,c_20_40
1.509175677632965,-0.20976021132309491,-1.0128549361253854,-2.1643208857680127,-0.015992964550784045,-0.3416290947498285,-0.35295478883649206,-0.4240935393193961,0.04656092197941971,-0.012538337309563389,3.0,16,c_0_20,c_60_80
2.060280299642448,-0.4157415917518962,-0.894723235017682,-1.704069146526755,-0.4375739169527549,-0.5381343591120775,-0.25836181810692194,-0.32044936363543297,-0.05420261693332986,-0.09883092464000037,3.0,0,c_0,c_60_80
2.5693099424754537,-1.3324464246165326,-0.5748944427281563,0.1102799537015694,-1.3414086577102242,-0.3421407401688538,0.1991630988487079,-0.023849432699784654,-0.2929535165113883,-0.08694184989490127,3.0,0,c_0,c_60_80
2.170407702700387,-2.821482966769748,0.2589937639603218,-1.0237858226489491,-0.44729803722045447,-0.4111079907832438,-0.41675110709539975,-0.697102487882309,-0.04201868128146257,0.42865271191781773,3.0,0,c_0,c_60_80
1.1317624223858735,-3.2601842731862742,0.579639420882245,-1.1088951414660175,-0.12630089576514375,0.2934802477838158,-0.6480894704405002,0.2668697529516013,0.009846198349291025,0.23832101461792862,3.0,0,c_0,c_60_80
-1.6950581385630077,-0.8697834461335916,-0.06316137089634,0.6942966417993646,-0.4428907951740689,0.2622485213454209,-0.6056583748723354,0.07393386294756303,-0.08542519598402311,-0.09536571138636826,1.0,0,c_0,c_0
0.9955269229247719,0.24620803519034934,-1.4569362945902993,-1.6784684390738125,0.18380834387303474,-0.28623738627511747,-0.6628224010247553,-0.9092291557237392,-0.02830734251512314,0.22483549847388834,5.0,60,c_40_60,c_40_60
1.417646058593056,0.1255537966520091,-1.499435879932013,-1.3245698299270265,-0.1772033633318523,-0.2346244768501375,-0.5499655766376332,-0.1486533861060779,-0.20086976713348698,0.19814119621230147,5.0,45,c_40_60,c_40_60
2.3958880147039805,-1.2521862283206844,-0.5221548140016049,-0.24719238640194782,-1.0298842681273956,-0.2559121995207452,-0.15756018487222845,0.02019677818916418,-0.2914751885435971,-0.028472755765986277,3.0,16,c_0_20,c_60_80
2.5437366019097087,-1.602645246684975,-0.1635149775756557,-0.12664317547090628,-1.1208425594040523,-0.31369167438841045,-0.11555108805776639,-0.3527529407440596,-0.2531381258399571,-0.0925801919446186,3.0,0,c_0,c_60_80
-1.0948960903000426,0.6599459382556753,-0.929669683443637,-0.08468317344793774,-0.23072078149962516,0.6369391349216321,-0.19425524449067086,0.25722985982648705,0.0322368786002948,0.1227070660349894,1.0,15,c_0_20,c_0
-1.0740854772462956,-0.37097965049428033,-0.49190535999781154,0.25904474662932353,-0.29837255476767854,0.8084600408924622,0.09253479298601587,0.41314133844939666,-0.09975062668791161,0.01252332236391722,2.0,10,c_0_20,c_0_20
-2.7911580796847146,0.4457723707046217,0.579377134357615,0.3299447111432173,-0.6283337754512796,-0.41409620720042173,-0.6584317240664322,-0.14793222393529812,0.08547116694333534,-0.15672736014597863,1.0,0,c_0,c_0
-1.3377371164321856,-0.6393978997134332,-0.73615210850435,-0.6613459780448256,-0.17146781075994127,-0.5691586526423894,-0.7362108122554624,-0.4088954884887407,0.07193563685857257,0.1641518779165527,1.0,15,c_0_20,c_0
-1.0350469740971378,-0.7792128250608953,-0.5929467584808746,-0.9532827336158566,-0.19944968999963925,-0.5618891293408486,-0.7973014820400781,-0.5753233960328195,0.06877120569049591,0.12972541517848907,1.0,10,c_0_20,c_0
1.3288984625554685,0.30659211024581035,-1.6921970885110036,-0.3686098771505586,-0.5826278908507737,0.20980642553810622,-0.5845568684805644,0.5915688829177566,-0.4192543217209559,0.2845575905063401,5.0,0,c_0,c_40_60
-0.22808310598397563,1.4647520528041882,-2.128802228649949,-0.4965564605389307,-0.05826479421668414,0.10472264347724858,-0.13834340218810393,-0.4273614758925289,-0.14701219471118945,0.6088816746446406,5.0,15,c_0_20,c_40_60
0.12584738092444978,-0.7290216796839936,-1.2343188625923083,0.7365798396003914,-0.9785203648309105,-0.2945837414873687,0.4593759826629368,-0.019617033358185425,-0.3449413917152172,0.1508658729973333,2.0,10,c_0_20,c_0_20
0.6783749492551938,-0.5367501553765701,-1.0754651593436435,0.5519630296123768,-0.5654665820587396,-0.21032233329695635,0.17240099167724765,-0.3203049360347166,-0.34150993617947917,0.11900822561313305,2.0,0,c_0,c_0_20
0.6103749756417116,-1.0557805879440603,-0.6560813966936089,1.6706668764382138,-0.8329604329895133,0.24620630464662563,0.6835791420109993,-0.07027078475917062,-0.4742111038075079,-0.015457406658519558,2.0,0,c_0,c_0_20
-0.6081635968214677,0.930101855161801,1.846574096419948,0.015192337982703525,-0.6538543154946165,0.6540598178868007,0.20510386979899378,0.4006072785118182,-0.45035360324293966,-0.2110748927463853,0.0,40,c_20_40,c_20_40
-1.0640067772240114,2.0618759099910164,-1.438604317982057,-5.826046233753522e-06,0.33811673696341166,-0.04680236530836164,0.27792115410721024,-0.09832404567933893,-0.19091817042721182,-0.08618944363698541,5.0,48,c_40_60,c_40_60
1.5579635599480008,-0.966450456883371,-1.5633196010810089,-0.06464946277863942,-0.11291710729795996,-0.47148273611920977,-0.3219835948412619,0.28047095337542166,-0.3362395655878351,0.7322665438402921,3.0,9,c_0_20,c_60_80
2.15559582954131,-2.5812962215671926,0.12340714553405976,-0.8795865735633032,-0.5133799698957842,-0.18857492369136342,-0.2509593835417435,-0.04358088537367172,-0.16190617977951377,0.36210256236411303,3.0,15,c_0_20,c_60_80
0.100069295313494,4.2063416992940175,-1.5434173484735996,-0.038300634421493986,-0.3379933352363563,0.6449512282736755,-0.36504206146780965,-0.3762486536118481,-0.2671633496914731,-0.5754687207835535,5.0,20,c_0_20,c_40_60
0.5297989743912105,3.14450676048975,-1.7320045741843288,-0.13391348360646935,-0.40341571057891257,0.6593159233638749,-0.3538505875007246,-0.18299623249762945,0.08801163808961904,-0.14567234721244313,5.0,50,c_40_60,c_40_60
-0.3403541590475181,0.218299723721646,-0.4130868956223744,0.3138480002586566,-0.19520628730621653,1.0190745354202773,0.8223715200611191,0.4930581146967682,0.21616305971013638,-0.14240546785286345,2.0,6,c_0_20,c_0_20
-0.7103895265262923,-1.916949650538006,0.47323584428851345,0.07189181195554567,0.1915460736542072,1.1901836903221767,0.43912980718539485,0.29131959247344,0.3165783738041496,-0.28352075992166836,2.0,32,c_20_40,c_0_20
-1.7693895608644463,0.33586808131011103,1.0006729901459874,0.4345646864668466,-0.5558963097512246,-0.5123716215995305,0.1422500445370686,-0.01915464598154502,-0.11258372958661166,0.10008716285770572,1.0,0,c_0,c_0
-1.7185520534372412,0.5690317094443772,1.058874885656002,-0.4958890963927439,0.07980890091919209,-0.34637566474024833,0.02157535974171195,0.9023865146600064,-0.013682004976255,0.10645040017777917,1.0,40,c_20_40,c_0
-2.3435177448335303,-0.02604636189626962,-0.48141973685186523,0.47824770082500884,0.2326385250781874,-0.4847014071316461,0.6106357473003045,0.13700662209466338,0.31147461160617085,-0.06349541095951465,1.0,48,c_40_60,c_0
0.20829850701559569,-1.7862426291048026,-0.18604657120237317,1.2578766557883159,0.14808045956247462,0.022954256965505085,0.022182877479693743,-0.11937823627925213,-0.35827058005032897,0.2100254234272138,2.0,9,c_0_20,c_0_20
-0.61792272117555,0.41579302115987704,-0.9507523818201133,0.396648909661593,-0.19681667769364,0.4105172421651231,0.7675380295433489,-0.38327767475381,-0.017884938318097,0.17678129263577647,1.0,15,c_0_20,c_0
-1.5525574275461624,0.7485320419831406,1.2629390474255509,-0.3984750274183338,0.1694211011166069,-0.44279584650381004,0.3081896031465926,-0.32028433377543825,0.006706215562781986,-0.13162452918480233,1.0,20,c_0_20,c_0
-0.5552116692701279,-2.016384098608886,0.16678939150782188,-0.2855296498956816,-0.23310349626079546,-0.9438347224887302,-0.13647399246275044,-0.10088054550460318,-0.04362196171104138,-0.10091892728230499,2.0,50,c_40_60,c_0_20
-0.7257461036293232,-1.1462639321592853,0.2843148704813797,1.1092148867647698,-0.11637228721969241,1.2555510681196214,0.3036496393760142,-0.11680263027620676,-0.12148438140289679,-0.35498984007020495,2.0,6,c_0_20,c_0_20
-0.8555846860605225,-0.3654313780011544,-0.7734781986334983,0.13861941467504352,-0.24824623110831714,-0.6280396128289094,0.09081482862648999,-0.15748489498847193,-0.13711128053701344,-0.1756126594482861,1.0,32,c_20_40,c_0
-1.5163165715998708,0.5846639395575285,2.3557947009853764,-1.041335183223772,-0.11874642587139284,-0.24106916467736283,0.07098962634755575,0.5034527529188508,0.004933826471508891,-0.19736300179759583,0.0,0,c_0,c_20_40
-1.4804888434919672,0.6419240934656079,1.4108470184612372,-0.3489594324548371,-0.4982587176055184,-0.7695414129050366,0.6120624903035884,0.17545411701893648,-0.13542171590357957,0.017989405068459585,1.0,40,c_20_40,c_0
1.1823982003247462,-1.7078369209721196,-0.4680227148211049,-0.3633865942075245,-0.834069274043085,-0.9259598311536326,0.5242832542049181,-0.1655225948974584,-0.19358879950513988,-0.0971611128264126,3.0,48,c_40_60,c_60_80
-2.7527457306202767,-0.39865616650173175,0.42217342278623843,0.47948056973514036,-0.3424668312048236,-0.35921933842392006,0.465026880010554,0.06607662239978716,0.3804983604379536,-0.021884167741663334,1.0,9,c_0_20,c_0
-2.0315886434007893,-0.42201208124877715,0.5909400203232941,0.6500772586826153,-0.3081850871825856,-0.010974548421157665,0.6918189418580981,0.1740556330121413,0.17291883925736465,0.06472487615542093,1.0,15,c_0_20,c_0
-2.4186166705168364,-0.49316703873883083,-0.6305858877862927,0.04424214810822089,-0.08209256255764293,-0.389118528306732,0.7537274234498799,-0.1419401180643691,0.5143206525046867,0.2805568308337493,1.0,20,c_0_20,c_0
2.4944293370787873,-1.688689916330454,-0.16140699132178724,-1.904160790407027,0.09610817560308711,0.5936457350436893,-0.3573127755664138,0.4960201197005863,-0.17624337240918606,0.11562008851654747,3.0,50,c_40_60,c_60_80
-1.2732471999426076,1.3552810265612607,0.6199995192453008,-0.4738116093303379,0.2081814907386126,-0.3135442815567066,1.024351419933406,0.015081721537281927,-0.13569613981996384,-0.13359184882610095,1.0,6,c_0_20,c_0
0.7091769368373793,-1.748763805039059,-0.6295870869555588,-0.2749432802702235,-0.7536966913217882,-0.7104496488822242,0.7935649891024747,0.3333965928687275,-0.18285650095789943,-0.00513150672964659,2.0,32,c_20_40,c_0_20
-1.0424379022204706,1.0712079965674346,0.49527656708023243,-0.20142285530121945,0.7901693123531993,-1.0901725538469715,1.4970070109042184,-0.1524649873796787,-0.04565126218227152,-0.004515017157758338,1.0,0,c_0,c_0
1.4363498088316262,0.08987328381699448,-1.7639454669801675,-1.350164719660355,2.261783418575913,-0.06825850620509828,0.8900605941767523,0.9472539017242195,-0.08296707006831996,-0.04081027158069758,5.0,40,c_20_40,c_40_60
3.0728449536343265,-3.172475703057654,0.6102398425906795,-0.04596037227420849,2.277593743606924,0.1861551228845708,0.6023405355182229,1.4916082043838825,-0.2850926241880126,-0.3725241339942257,3.0,48,c_40_60,c_60_80
1.4550268519688556,-3.344866283198179,0.9572042332717428,-0.9082646168510471,0.9648515688763118,1.2493685148079603,0.8013933677401273,-0.7239997927632505,0.19425854157981468,-0.09271643849835984,3.0,9,c_0_20,c_60_80
-1.4247812596974692,-0.606541882351118,1.3753303395503111,0.784296379084428,-0.2185889929748737,0.08355870864973956,1.0420871793928088,-0.10349183420416604,-0.0751499329882952,0.02525130070369757,1.0,15,c_0_20,c_0
-0.49621579952689016,1.8487999936166686,-1.7750443513766647,0.719525804149185,1.6682056477891443,-0.6402459176274496,0.8279274624260367,-0.037053368049536566,-0.2569873592655013,0.13816343569568,5.0,20,c_0_20,c_40_60
-1.5452161749753115,1.5511506289083676,-0.3657568403092531,0.0988371633648998,0.6320124275684869,-0.16850056568511004,0.21998125291814621,0.04686875161270813,-0.05914226793525489,-0.14034210239116438,1.0,50,c_40_60,c_0
-0.08803209352179436,-1.6176698761328867,0.1920851058069671,-0.19242818381406177,1.9825768329206888,-0.2987871334117313,-1.2581856274362433,0.5802318513805989,0.07124338726580413,-0.06811160100176115,2.0,6,c_0_20,c_0_20
-1.145091970781191,-1.1316883639476805,-0.09019713143242254,0.777770035336132,-0.3040085622322616,0.18369050504755183,-0.42654640347830364,-0.358739681630499,-0.11601075141808095,-0.05315469006089118,2.0,32,c_20_40,c_0_20
-1.4384892799688727,0.10263326135290007,-0.05567128824567085,1.3223515772546772,2.403817456947152,-0.3455394943632418,0.3823205981015466,-0.028377520296780482,0.3931693777883335,0.11170337158361923,1.0,0,c_0,c_0
-0.8435027942166233,-1.0067762363470707,0.9262427979032665,0.8212749816121566,0.7321696064559964,0.5297941856160459,0.9133939144372242,0.2711775105450199,0.3670748826712583,0.15619400019244656,2.0,40,c_20_40,c_0_20
5.31239143475122,-2.5111517143991557,0.31470242927443975,-0.2747792152416727,1.9070749892560894,-0.9043682239311931,-0.5078810283167434,0.40442879360186706,-0.27545007934347016,0.1523734121192409,3.0,48,c_40_60,c_60_80
4.71812208465134,-3.0664017117766726,0.5856960268783027,1.547036606075891,2.5581224711797628,-0.6231823351341015,-0.5200124467909192,0.3483065884753281,-0.4398395146053417,0.27846291264210776,3.0,9,c_0_20,c_60_80
0.8821836651034759,-0.7521926919122301,0.865606852385278,3.739757212140022,5.2935895255308125,-0.10471318723114771,-0.5075042435721221,-0.08418052906878937,-0.2536659374106521,0.2389357631007051,2.0,15,c_0_20,c_0_20
3.2876272733601932,-0.638062940787974,-0.771056851495261,-1.6625036243122218,-0.12294918320693601,0.47160299204415795,-0.1934828604259058,0.2905483081939174,0.07703599972517305,0.14600709774220938,3.0,20,c_0_20,c_60_80
0.2726737030482927,0.4412948801702191,3.140241803148627,-1.0685886973764431,2.346750638628826,1.0682891945925612,0.14965770372779574,-0.44200930197340627,0.26244821837008314,0.3950359726423175,0.0,0,c_0,c_20_40
-1.709591551021833,-0.5497631712708815,-0.8475413672790091,0.36098029880659366,0.47080049760743725,-1.0529561702222174,1.7046441243426123,0.14227682230890606,0.24849528072771146,0.5483883262953305,1.0,42,c_40_60,c_0
8.636622965630478,-3.149368830148825,0.8588742735668005,-0.7887979523711535,-0.7731977411420698,-0.8741854554109663,-0.3345744209988646,0.21886335195890544,0.34843496415228004,-0.1676887338380233,4.0,45,c_40_60,c_80_100
-0.550914610280831,-0.3772916312679778,-0.959574181056528,0.9799254316811227,-0.44768516087001187,-0.20664229122768324,0.3628489306091154,0.020527976921617574,-0.32260508360437146,-0.09980865093690804,2.0,0,c_0,c_0_20
-0.3272300735694902,-0.4689455903030573,0.2026550605435532,-0.1240102847441569,0.863309387885614,1.2542612417606576,0.25627661350934716,-0.7463966941331476,0.7451534874292233,-0.006320347980619716,2.0,52,c_40_60,c_0_20
-1.8863043258393832,0.7528429293901391,0.6136661773456638,-0.33883045372174836,-0.13415522058384688,-0.8051308227325814,0.3559192788147301,-0.060438983786820465,0.00037529993041690763,0.07163779894524722,1.0,42,c_40_60,c_0
-1.987943909733849,-1.4231553404914163,-0.8287058014068966,0.1532614154540942,-0.22455708754735862,-0.8248772387782046,1.0900713486376445,0.19260378847041346,0.31117527875742534,0.1988743423070064,1.0,45,c_40_60,c_0
-1.6396036354603862,-1.7371393679771203,-0.6094835012251315,-0.058700330910862734,-0.09444120840435755,-0.8263530989452579,0.9805548137001776,-0.05491694417887465,0.3550879882661797,0.17743113731016122,1.0,0,c_0,c_0
2.145298694237077,-1.555685550488057,-0.4009696044496368,0.6894364315080156,-0.3950707378260895,-0.2819210123434808,0.335116951412396,-0.3424778875393005,-0.26566057146794614,0.06125413402026651,3.0,52,c_40_60,c_60_80
-1.0258471581581439,-0.9175199402109717,-0.1969697648489331,1.767529781585439,-0.4416181855182844,0.6196727297531899,0.22756161334253075,0.002768476498405805,-0.22176588686958149,0.29042512144099625,2.0,42,c_40_60,c_0_20
0.555765755158578,2.022726899137632,-1.5337699114633894,-0.45486934800517453,0.21028233439638092,0.5544941656269902,-0.006207532014635055,0.5109873014295034,0.04499580310624159,-0.48248995737092354,5.0,45,c_40_60,c_40_60
0.9859914829875888,1.2972370985684545,-1.147498371513437,0.7823167157535803,-0.4093876083821867,0.5505892455148876,0.6294776047654596,0.04193726945763074,-0.08187969145297691,-0.5160115584599914,5.0,0,c_0,c_40_60
-2.9503409104580687,-0.6562861957780965,0.3893969625721001,0.600402078859283,-0.4520736253516242,-0.5381126939863715,-0.06875731676146764,0.02332172632204053,0.4593741172442047,0.04851716461291884,1.0,52,c_40_60,c_0
0.9422936919659062,0.5436197641514039,2.4770932684808113,0.02513879051483482,-0.7820031269474814,0.9825367335848517,0.42504187404090477,0.7766853460569612,-0.2267012574441946,0.4563516189700615,0.0,42,c_40_60,c_20_40
1.1816012229423831,2.7315428441573872,2.6257777051396793,-1.8197853026573059,-0.06171973253411657,-0.12609290787366445,0.36090078250030433,0.5523750570451621,-0.17795550083308834,0.21191538026467024,0.0,45,c_40_60,c_20_40
4.853534009811609,-2.4886301645657913,-0.0727930893049906,-1.017622004483446,-0.9308994049754273,-0.8201467098789594,0.03090455492480711,0.14748368100303566,0.021388077070735353,0.08173336656164175,3.0,0,c_0,c_60_80
-1.4016185209650207,0.34890699967200245,0.0024799727193631324,-0.47758812000807643,0.7464269870304413,1.0856092195669347,0.9102545884497024,-0.2758680693942828,0.43391555847048685,0.03611683582937679,1.0,52,c_40_60,c_0
